spectrum_id,sequence,spectral_logprob,gate_confidence
0,GDTEQAITGLALK,-0.1452777087688446,1.0
1,GPAGTLDLK,-0.16925525665283203,1.0
2,VDRPTAECAAALDK,-0.17175090312957764,1.0
3,AKNVLWPQIIAYNDAVLGS,-0.11151193082332611,1.0
4,TSHITVVVSDR,-0.2634489834308624,1.0
5,AAAAAINAAVAVSAAAVADVAGQVKK,-0.18624824285507202,1.0
6,LALPPDQAAEK,-0.15467728674411774,1.0
7,TGQAVELTNFLVQELNDAQR,-0.09590085595846176,1.0
8,AANAAAAAITSIGTASATR,-0.14908696711063385,1.0
9,DGGGDTTVGWQARATVR,-0.2257792353630066,1.0
10,NIEFFEAR,-0.21257929503917694,1.0
11,VLILDSGDPNGPDSR,-0.1712190806865692,1.0
12,IAVINIPDHK,-0.199072003364563,1.0
13,SAQNNNSISIAGIAAAAISNVAISKPK,-0.13720786571502686,1.0
14,TGTATELKKK,-0.3001590967178345,1.0
15,NGPPSNSNTTSGVTNGET,-0.15179315209388733,1.0
16,VAIVAVVKK,-0.2075701504945755,1.0
17,IEIEPWVGGLDS,-0.186995267868042,1.0
18,WSDGTPVTAQDFVYSWQR,-0.1595297008752823,1.0
19,LGLMADYQESR,-0.1944553405046463,1.0
20,TYAAGIAPTAAYTAGAAGK,-0.13729636371135712,1.0
21,LQELGATAR,-0.23633992671966553,1.0
22,AITTVTTAGPVGPR,-0.13480977714061737,1.0
23,ATTTMDVQSAATDTGLPMLVTR,-0.13468842208385468,1.0
24,LVPVTQETTPVTVA,-0.15364307165145874,1.0
25,LNAVEQVIK,-0.20708660781383514,1.0
26,FGSELLAK,-0.20884211361408234,1.0
27,QNNDNLDQNR,-0.22320997714996338,1.0
28,QLLQEVLEKKK,-0.3206091523170471,1.0
29,NNDAGAGYTQAVGQGVK,-0.16118963062763214,1.0
30,AAAEAEDAANKNVK,-0.20112305879592896,1.0
31,DYVEGAWNR,-0.23714709281921387,1.0
32,ALDLAQDALTQYQAAP,-0.16347722709178925,1.0
33,AANAAAAIK,-0.24529308080673218,1.0
34,SGGQLGTAIPVDVTGGGAGR,-0.19774490594863892,1.0
35,DALPLMENAYR,-0.19148755073547363,1.0
36,LGLFIAAPDGALK,-0.15457673370838165,1.0
37,GTCQVYILGQR,-0.20299148559570312,1.0
38,TNVLGEGYTISGLAVDLR,-0.13733996450901031,1.0
39,GPDLVDSVPIATGDAVETYR,-0.11530524492263794,1.0
40,SNDNASPLYLEH,-0.15020491182804108,1.0
41,GASGYLPEHTLPAK,-0.17568863928318024,1.0
42,GEAYDAVGDADYAITVKAVGTQATAPDK,-0.13085663318634033,1.0
43,TTNATAQGSVAESNATGNPV,-0.09179459512233734,1.0
44,QAIFQLAALDTR,-0.18279233574867249,1.0
45,QASFTGTYSIAPK,-0.27336084842681885,1.0
46,ATTTTPTVVDVT,-0.22337962687015533,1.0
47,ATLKPEGQAALDQLYSQLSNLDPK,-0.13746769726276398,1.0
48,YYPFGEITDFAT,-0.1262909471988678,1.0
49,TIVDQELLPYVQVK,-0.19353845715522766,1.0
50,WSSESVVDVLR,-0.2995225787162781,1.0
51,AAGAVIGYTDPV,-0.16720721125602722,1.0
52,RVEIEVK,-0.26730290055274963,1.0
53,GVGEDISDGGNAIKGAATK,-0.13844901323318481,1.0
54,AVVLSIPR,-0.1930122673511505,1.0
55,QILLQIDQLSAGGAQAQSTSGDQSGAAAST,-0.0977369025349617,1.0
56,AAIQAGAFP,-0.1500498205423355,1.0
57,NENEIEAYT,-0.17381598055362701,1.0
58,VSIAVDNGK,-0.16301096975803375,1.0
59,AGSDASISIGVTLT,-0.16516031324863434,1.0
60,VQFIDEPVK,-0.23749272525310516,1.0
61,LGDVAEIARR,-0.24868616461753845,1.0
62,VTTENGEVFLMGLVTER,-0.11384890973567963,1.0
63,LATLPTYAEAIAR,-0.13157841563224792,1.0
64,ALDAAAVISPVTKAPV,-0.11871524900197983,1.0
65,AYGTYNNSETATTYVVIGVK,-0.12144788354635239,1.0
66,TQFTGDTANLLVENGR,-0.19684678316116333,1.0
67,FLTFVNYQNYIVK,-0.14736081659793854,1.0
68,ATDDELGALYALKEAVK,-0.20570869743824005,1.0
69,GGDEVYGAPGQQV,-0.19359411299228668,1.0
70,GATSILYSGGGVA,-0.20696750283241272,1.0
71,IVDEQPGAECQLIGTATGK,-0.1601639837026596,1.0
72,DAAAGGAAITASFDR,-0.1429680436849594,1.0
73,GPLYFPPADK,-0.15883313119411469,1.0
74,GEGFQQAVAAHK,-0.28059443831443787,1.0
75,GIDLGFDAQVASVSNVR,-0.15037783980369568,1.0
76,GADNVAVTTPAVGGQVAGTR,-0.13868993520736694,1.0
77,AAALADLR,-0.2273593246936798,1.0
78,NVYIICVTSK,-0.15888334810733795,1.0
79,GADETSNYDIAAG,-0.1978314071893692,1.0
80,DGSVVVLGYTDY,-0.13353241980075836,1.0
81,GGNQATMGGGTAGEGVLTGRQGK,-0.19629307091236115,1.0
82,VEDVVVNAK,-0.23514299094676971,1.0
83,NGNTVNMNR,-0.15768729150295258,1.0
84,SLANDQDDSVVNGAAVV,-0.10214179009199142,1.0
85,TIVSDGKPQTDNDTGMISYK,-0.1418747901916504,1.0
86,SPAGFVADATANTPNGVLEASGK,-0.08775679022073746,1.0
87,AYDTVAPGDEDTFTHVNNYQ,-0.121433787047863,1.0
88,LGEAVVVLNFVTNFLTTK,-0.13728341460227966,1.0
89,GGVTQWNNGTR,-0.17734761536121368,1.0
90,LVGLEGGGIGTLVLRRLLRNSTTR,-0.23165149986743927,1.0
91,VAFQAVIK,-0.2651001513004303,1.0
92,GGGGGYYLWNDATDK,-0.15884487330913544,1.0
93,VPLPPLTEER,-0.29160863161087036,1.0
94,LAATIAALPDAIVAAGI,-0.09134764224290848,1.0
95,SPELPNNAPVAYK,-0.10604540258646011,1.0
96,VVIVINGDKK,-0.1800973266363144,1.0
97,VVLVALPR,-0.23849749565124512,1.0
98,NPNVLLGK,-0.20848888158798218,1.0
99,VATIEAIEIAK,-0.1625693291425705,1.0
100,DYDVYYYTYVAR,-0.1639755219221115,1.0
101,VAIAAVIKK,-0.1922542005777359,1.0
102,GNNPTVSAK,-0.20079968869686127,1.0
103,GEGFQQAVAAHK,-0.2963195741176605,1.0
104,EQLQFVVEKKP,-0.24163302779197693,1.0
105,GQDAADIATGAAA,-0.1755940318107605,1.0
106,AEDVATSGTAATA,-0.1483456939458847,1.0
107,DQAQQDGYSILAFLK,-0.15930373966693878,1.0
108,YGWAGSTAQLLAR,-0.14533400535583496,1.0
109,KDDGNTIMVVQK,-0.21219471096992493,1.0
110,APDADPGAVKVK,-0.20470188558101654,1.0
111,GDVFTAGTAEGTK,-0.16833281517028809,1.0
112,AASLAFAAPIVGRARDAR,-0.2572374641895294,1.0
113,IANPGGTGTSSTR,-0.21239155530929565,1.0
114,VIDALTILLK,-0.19711358845233917,1.0
115,GLDSGGDAVSLFKKAK,-0.23526988923549652,1.0
116,AGAAAAGDK,-0.31750068068504333,1.0
117,YAGHTASDEVFEK,-0.18819543719291687,1.0
118,INLLDDNQFTR,-0.16878163814544678,1.0
119,VINVINGT,-0.14048901200294495,1.0
120,AMQWMPISQK,-0.1496133804321289,1.0
121,TSHITVVVSDR,-0.297232449054718,1.0
122,ADAFAEGTTFK,-0.20353011786937714,1.0
123,SGQYEPGIYGLDD,-0.26147913932800293,1.0
124,AQYDDANADEDDALQGFKYR,-0.18924960494041443,1.0
125,TTLPDSAHVASASTIPNR,-0.14968599379062653,1.0
126,LAFGEAGIKFAVK,-0.1702081710100174,1.0
127,NLDSGQEAQSLIA,-0.14073877036571503,1.0
128,IITHPNFNGNTLDTDIMLIK,-0.08023316413164139,1.0
129,ALYEYDGSIR,-0.1355612725019455,1.0
130,AMQWMPISQK,-0.15008707344532013,1.0
131,IPVVSSPK,-0.15885598957538605,1.0
132,FWVESEK,-0.24938268959522247,1.0
133,TGQAGELFNQLVQELNDAQR,-0.11204997450113297,1.0
134,QATFEEMIAR,-0.20828180015087128,1.0
135,ISELSEGQIDTLR,-0.2044588029384613,1.0
136,GLEDVSGASQNMVVAALK,-0.16422079503536224,1.0
137,LIDQATAEIVETAK,-0.14696700870990753,1.0
138,GEVVGAIASDNVGGGDLTQ,-0.139406219124794,1.0
139,VIELQGIAGTSAAR,-0.1296990066766739,1.0
140,SMQDPIADMLR,-0.24478590488433838,1.0
141,SGEGLYFIDK,-0.13505126535892487,1.0
142,HDVLDNNDIDDLDTDDI,-0.15395386517047882,1.0
143,IADVDEPGTIAKAK,-0.2628161311149597,1.0
144,DYSTDYYTEVAGK,-0.15148821473121643,1.0
145,TNYLANTALGIASEQIDNN,-0.12069141864776611,1.0
146,DNSGGDATAGA,-0.14937467873096466,1.0
147,VANLEAGAIEALPR,-0.10828652232885361,1.0
148,YQWNAYGAANENETDGYRGR,-0.1258733868598938,1.0
149,VEIAMAVFDITPADVVR,-0.12076059728860855,1.0
150,EQFEGWETTLAGAITVTTNIATYQNE,-0.14852480590343475,1.0
151,TINQPNINVLNLDTQPVTDK,-0.1469057947397232,1.0
152,SAGTTVQIVARR,-0.3241875171661377,1.0
153,GPVVAVIATIALAK,-0.2539865970611572,1.0
154,FGNPNLEAK,-0.19270490109920502,1.0
155,AASAAVAGAVAAVNASATSSQGIA,-0.14130742847919464,1.0
156,FSNNYSNMTVK,-0.16638335585594177,1.0
157,TNTFFVTNSGRQNRR,-0.20850315690040588,1.0
158,APLPTPLA,-0.1991412192583084,1.0
159,NKPGVYDK,-0.20863847434520721,1.0
160,ATPAVGTQTWAVK,-0.1720672994852066,1.0
161,DAATPVLVQQTYVPGQASGGATTTVPSTSP,-0.06399735808372498,1.0
162,NNILASSNVEPVGPVD,-0.14279867708683014,1.0
163,GTVLGQGAQLAVK,-0.17687472701072693,1.0
164,GGGNAQSGLIASELPVK,-0.11942245811223984,1.0
165,ATGEATNATADAK,-0.15898391604423523,1.0
166,DPYDNTYTR,-0.2215573489665985,1.0
167,AAINEAVTLAAKVKQVIK,-0.1694115847349167,1.0
168,FNVVGGGAAIK,-0.14048543572425842,1.0
169,NGGEVYGLTFAGGIIVK,-0.1380719244480133,1.0
170,INNVNLVQIYQLKQEVDTTDNKQTGQA,-0.1274653822183609,1.0
171,ELAAPGVLPGTIKFK,-0.1769634634256363,1.0
172,VALGAEVLQADADL,-0.18098701536655426,1.0
173,GQVQVDQAENANISGV,-0.15543659031391144,1.0
174,VASLGSQNV,-0.10535778105258942,1.0
175,YAGHTASDEVFEK,-0.21118976175785065,1.0
176,LMDLGCYR,-0.22468477487564087,1.0
177,SIVIAVVR,-0.36712178587913513,1.0
178,GYIEYALTGGATK,-0.17378941178321838,1.0
179,KDGVGIGANDNAVKGD,-0.14970193803310394,1.0
180,NMAGSLVR,-0.23927216231822968,1.0
181,ANDVAIVTTTF,-0.15259142220020294,1.0
182,AVDQAYSNLIVGK,-0.16617189347743988,1.0
183,IQQDNYAIAEAKK,-0.329522967338562,1.0
184,DVVTQPQA,-0.19972293078899384,1.0
185,LGLEAGGAILAKADK,-0.3099609613418579,1.0
186,LSDEVTDSPMVDK,-0.13986051082611084,1.0
187,SVDYSIESVLER,-0.18386441469192505,1.0
188,VYAGEEGGDEAY,-0.1750965714454651,1.0
189,AVDLVLGGITPLK,-0.15340687334537506,1.0
190,YDGDEEAAMK,-0.23738309741020203,1.0
191,DDDTIVITGVK,-0.21148495376110077,1.0
192,GVIVAIIVTIKK,-0.302188903093338,1.0
193,QGGFSNASALAEK,-0.145563542842865,1.0
194,TVGLDETALDADKAGVVIY,-0.1440276801586151,1.0
195,TLYTGVAIK,-0.1578909009695053,1.0
196,VVANEDGVTAKV,-0.2041768878698349,1.0
197,IAHWVGQGATISDR,-0.14435908198356628,1.0
198,GVDFLPLLK,-0.28664547204971313,1.0
199,AEAAPAATGGGIPGMGPWPTTGVGAPTK,-0.09967087209224701,1.0
200,VAFTAVVEK,-0.2467498779296875,1.0
201,KDAVGIVANK,-0.1769791692495346,1.0
202,IGFNGGNDVLAYK,-0.12478947639465332,1.0
203,IQLGPGASK,-0.18520323932170868,1.0
204,GYDGEEINDEAT,-0.1704201102256775,1.0
205,NAPPPTKPVETQTQSTVPDK,-0.1735406219959259,1.0
206,GELVAVNASK,-0.258099228143692,1.0
207,TSHITVVVSDR,-0.25709593296051025,1.0
208,LAGSVEGIRPR,-0.25332021713256836,1.0
209,GYDDAYAAELAG,-0.16677387058734894,1.0
210,ANDALPPQIPPAVPLGAR,-0.1019044741988182,1.0
211,NKNGVYDKGK,-0.19553667306900024,1.0
212,VIELQGIAGTSAAR,-0.10798287391662598,1.0
213,ANGIGSYYE,-0.3195597529411316,1.0
214,SDVMVVGFDGTPKGEK,-0.14186356961727142,1.0
215,GGINGLNAGYGGNTNVETIVYTIYYVYAYV,-0.12713535130023956,1.0
216,NPSTAPNTVTVTATG,-0.1328694373369217,1.0
217,ADASAVQILIK,-0.17785285413265228,1.0
218,QQNQALGASTEVDA,-0.1230091005563736,1.0
219,QSNFADIVGYR,-0.144821435213089,1.0
220,VDRPTAECAAALDK,-0.159097358584404,1.0
221,EEDTDNPPNEIYVTAQQK,-0.10926395654678345,1.0
222,SGEGLYFIDK,-0.18668003380298615,1.0
223,AGSDATLYEIASK,-0.1509038507938385,1.0
224,TIVSDGKPQTDNDTGMISYK,-0.12778092920780182,1.0
225,VTLDPLR,-0.25153326988220215,1.0
226,EAAAAAAPVVAPAPAPAPEVQTK,-0.08662936091423035,1.0
227,DIAPYSTA,-0.1630941480398178,1.0
228,TIVSDGKPQTDNDTGMISYK,-0.1372116208076477,1.0
229,FWVESEK,-0.34092700481414795,1.0
230,IVVQGTGVAITVSDK,-0.14669674634933472,1.0
231,AATTVGQVNLLVK,-0.14904068410396576,1.0
232,LILLDTQSLIALLQIQNPAK,-0.13777929544448853,1.0
233,FAGNGINATVASK,-0.1384536772966385,1.0
234,DQPVQPVVK,-0.2004445642232895,1.0
235,KDDGNTIMVVQK,-0.2571687400341034,1.0
236,GSGSLYTYEEA,-0.19339221715927124,1.0
237,GEDLANGAEPK,-0.15450328588485718,1.0
238,DMTCQEFIDLNPK,-0.27172553539276123,1.0
239,QNPVVVINK,-0.21268324553966522,1.0
240,YDSSATLDEMD,-0.17952950298786163,1.0
241,NVDLQAID,-0.20104384422302246,1.0
242,AEEAGVDLVEISPNAEPPVCR,-0.14389212429523468,1.0
243,ILADIAVFDK,-0.149832621216774,1.0
244,MADTAAVVILASK,-0.17629650235176086,1.0
245,APDNLPIVITADA,-0.09788976609706879,1.0
246,VLYEMDGVPEELAR,-0.16990220546722412,1.0
247,AVLEVAGVHNVLAK,-0.1238873302936554,1.0
248,AIVNNGITSLASLNAVK,-0.10450506210327148,1.0
249,TADLAPLAYPAVGEK,-0.11586551368236542,1.0
250,GQVEGGVITLGEVVLVR,-0.15418684482574463,1.0
251,LPTVVYTDDKVDNKVKDK,-0.15932269394397736,1.0
252,LTDMSDDLTNVTVK,-0.206900954246521,1.0
253,SVDVGYWAATVAVR,-0.11042188107967377,1.0
254,GDDFDVGVTPVTK,-0.21313682198524475,1.0
255,AIDEAVGTTDAIVAK,-0.22479480504989624,1.0
256,SGNANTDYNAAIALVQDKIR,-0.13021565973758698,1.0
257,QAITQLEALDNR,-0.2100815773010254,1.0
258,EGDFQYFIDFA,-0.12240245938301086,1.0
259,ANTAAQATAAAKK,-0.270227313041687,1.0
260,ANTLGDIPTAADK,-0.10903079807758331,1.0
261,TMAVGEK,-0.2270912230014801,1.0
262,MQQLDSIIQAK,-0.21830607950687408,1.0
263,NLYSQMVQYGR,-0.23518633842468262,1.0
264,VVLASNGSQVTVSPR,-0.17168723046779633,1.0
265,VNNVASGVTFAYSDAVTGDR,-0.1454327553510666,1.0
266,FAGSNDAYTIAV,-0.12351022660732269,1.0
267,DVITSDTYIIVIK,-0.13526415824890137,1.0
268,TAVEVAGAEYLK,-0.22121326625347137,1.0
269,NLTSQGVEYGQVY,-0.12647196650505066,1.0
270,VIVLNCGEEPSVVANEVK,-0.10162857174873352,1.0
271,LVYYDYVVPSTYYVDYDGYDADAQ,-0.13104431331157684,1.0
272,ANDYGEGINTATVIGVK,-0.10741385072469711,1.0
273,NQTTASNAPAAK,-0.18450920283794403,1.0
274,ADIVAAGDDPK,-0.16792283952236176,1.0
275,SIIVSLVR,-0.20985078811645508,1.0
276,APVVAPAGVDVKAVVKVK,-0.16374114155769348,1.0
277,YQAAIAGTEGATK,-0.14776349067687988,1.0
278,VEGDTKPELELTLK,-0.15701055526733398,1.0
279,INLLDDNQFTR,-0.17579929530620575,1.0
280,GADNNEGPPGAVDQQFYGYR,-0.11977938562631607,1.0
281,NADLPAAQAAIDR,-0.20086611807346344,1.0
282,LQDLSNGEGQLVK,-0.1441478133201599,1.0
283,TVQPLVTTTGVTNK,-0.16839107871055603,1.0
284,SIVVIIVRSR,-0.3215412199497223,1.0
285,NLVQAEDIQ,-0.1587064564228058,1.0
286,QGVEADINGLR,-0.21857096254825592,1.0
287,AVTAAVVVK,-0.24975362420082092,1.0
288,YEGDTAPELELK,-0.1598525196313858,1.0
289,ADDLAVTTTEALA,-0.12235689163208008,1.0
290,NYIGIDQEN,-0.1741923689842224,1.0
291,AQLANAGIEGK,-0.2041265070438385,1.0
292,EYYEKPRTER,-0.210178941488266,1.0
293,ALTSAQLIAGGIPTV,-0.12248104065656662,1.0
294,LVADLIR,-0.2118704617023468,1.0
295,LVGDANGILIDVDFDG,-0.12958675622940063,1.0
296,WTTTGSATGNR,-0.18226368725299835,1.0
297,EDEATAPNSTAKK,-0.19829325377941132,1.0
298,GQLTIGQADYALKR,-0.1980215311050415,1.0
299,FENIGQQMVK,-0.17141467332839966,1.0
300,FSWDALYTYGSGR,-0.31424129009246826,1.0
301,YDNAVAENAAAK,-0.19258524477481842,1.0
302,VAFQAVIK,-0.21305204927921295,1.0
303,YTGAPGVTTLER,-0.18330822885036469,1.0
304,VEAVGVVTDGTPFDEVRAVD,-0.1405789703130722,1.0
305,TGQAGEQFNNLPQQLTDAQR,-0.10778100043535233,1.0
306,NAIIYQVYK,-0.1558752804994583,1.0
307,SNALAEGAEIAAGK,-0.1284293681383133,1.0
308,LADDLTDLIK,-0.181936576962471,1.0
309,NYYYQITAGPATRYDQYRR,-0.23545244336128235,1.0
310,AINLALGALPKQVEVTAAIR,-0.14853905141353607,1.0
311,ILNYINTEMK,-0.15122905373573303,1.0
312,IIDLEDPALPR,-0.1328566074371338,1.0
313,TQGLAPAAPIASNETAEGKVNGQQGP,-0.13332973420619965,1.0
314,DATTDVPTKK,-0.2364768087863922,1.0
315,GFGNAWSILGAETSPIELG,-0.11721289157867432,1.0
316,VVDESSSVTPVLS,-0.20359846949577332,1.0
317,AETYEGTTGTK,-0.14883187413215637,1.0
318,AAAVGNAATATGVAIVK,-0.14057716727256775,1.0
319,LVADSITSQ,-0.1962289661169052,1.0
320,AAVIPPVSK,-0.1490708440542221,1.0
321,LAEVHNPLTTTEAQFVGFEIVPITLTK,-0.09891147911548615,1.0
322,SPNAAATATIATQSTVIEDRNALQDST,-0.11137953400611877,1.0
323,TQGLGPANIIASNSTAEGK,-0.1171414777636528,1.0
324,VIAVGMAEGTQVK,-0.20828892290592194,1.0
325,QLEQGFYRYR,-0.1815723031759262,1.0
326,LAIQEQPTVIALKAMAPVDGVAQSNAK,-0.13162486255168915,1.0
327,YNFGAATLYVNIV,-0.11776889115571976,1.0
328,FQSFASSGNLA,-0.16843727231025696,1.0
329,NYTTNQT,-0.24337956309318542,1.0
330,ALTDEDELII,-0.16889743506908417,1.0
331,FTIVGQINTLGYK,-0.19379429519176483,1.0
332,IAANAAEGIPAEQDDAEGRR,-0.16093257069587708,1.0
333,TSDPGTGSTLLPDAWVGEQVTIR,-0.13386522233486176,1.0
334,ANDFPQNNYILVEQWAAAK,-0.1299361288547516,1.0
335,DYDTDVYPVPVINYEGDNFWFR,-0.09280063211917877,1.0
336,YLQEGAVSK,-0.19500970840454102,1.0
337,AADNAAEGIPAQRVDRR,-0.3179663419723511,1.0
338,GGQNTEIAGLA,-0.1819138377904892,1.0
339,QFETFVSRVLKK,-0.23747681081295013,1.0
340,YEYEVATGT,-0.28195491433143616,1.0
341,AALTPDLAPGPAR,-0.15877874195575714,1.0
342,ALGNADGIVDDV,-0.23466818034648895,1.0
343,YELDAYITEKLK,-0.1912948340177536,1.0
344,TSDTTTTVTQTGTS,-0.17545124888420105,1.0
345,MQAASGQLQQSHLLK,-0.1644895225763321,1.0
346,YDSSATLDEMKDK,-0.2278023511171341,1.0
347,TQFTGDTASLLVENGR,-0.12716665863990784,1.0
348,VDQLSNDVNAMR,-0.3061864674091339,1.0
349,DGSVVVLGYTDGRR,-0.2206660509109497,1.0
350,GQDQEQIALQAGGTNVYR,-0.1901448369026184,1.0
351,GQNVGVATTVAGNDNVGGVANGK,-0.14789801836013794,1.0
352,IENEPGQAGIR,-0.19532017409801483,1.0
353,GQNEAQNVGIK,-0.15792112052440643,1.0
354,NFQSPGGITGGFK,-0.17523540556430817,1.0
355,TATANPTVAVDLGTPSGNRRIERTNR,-0.193129301071167,1.0
356,GDALEMLDRE,-0.20077437162399292,1.0
357,FADLALESTIAAK,-0.261577308177948,1.0
358,GNDIGTPNGTAK,-0.1862708330154419,1.0
359,AEAAPVATTGGIPGMGPWPHTGAKAPGK,-0.12078603357076645,1.0
360,NMSQVGTVK,-0.1815880537033081,1.0
361,QNDIGYPDDYPDR,-0.16592484712600708,1.0
362,YLHDGGQWNDDAELNFGNGNFNVR,-0.11037658154964447,1.0
363,GGDLVGGGYGSLK,-0.29348641633987427,1.0
364,AEGNGHTSTADTK,-0.12650351226329803,1.0
365,SEVVVNER,-0.256141722202301,1.0
366,AGTYYTGATK,-0.19022917747497559,1.0
367,VYAAIAAGDK,-0.15258921682834625,1.0
368,IEIGEVVGGLA,-0.15578152239322662,1.0
369,ATIPGSDNEYYK,-0.15336574614048004,1.0
370,GNTSLYDHNNNTSDYSK,-0.11317785084247589,1.0
371,AAAFEQALI,-0.12248065322637558,1.0
372,SLEEYFGQYR,-0.20667074620723724,1.0
373,DAEPLIR,-0.1995410919189453,1.0
374,AGDLAQTGVPVR,-0.13664263486862183,1.0
375,LADVGDLDR,-0.2013397216796875,1.0
376,GGVVVVQNGDVR,-0.1958341747522354,1.0
377,FSLGAGVGVVEHPYK,-0.19152578711509705,1.0
378,ANNVQWKAK,-0.1573200225830078,1.0
379,FENEAGGVTGK,-0.17852278053760529,1.0
380,TGVSNTLENEFK,-0.15140201151371002,1.0
381,NVLQQVVSK,-0.18106479942798615,1.0
382,VDRPTAECAAALDK,-0.16615186631679535,1.0
383,SIVVNEGTLPDNDYGGVKYR,-0.14563532173633575,1.0
384,YDDAFSNIEGAVK,-0.1540839672088623,1.0
385,TIDDVTPAIKVAK,-0.2421545386314392,1.0
386,GNNGENLLALLEGR,-0.16635237634181976,1.0
387,LGEHNIEVLEGNEQFINAAK,-0.09794049710035324,1.0
388,QLTEVVAIK,-0.26124921441078186,1.0
389,AVDAANAGIPAGNA,-0.21037574112415314,1.0
390,IYDVAER,-0.2657792866230011,1.0
391,LNPLGLGSGYK,-0.19928669929504395,1.0
392,NAPPPTKPVETQTQSTVPDK,-0.17739009857177734,1.0
393,YLYSVATYYDAYR,-0.2733471989631653,1.0
394,STPFAAQVAADR,-0.35636502504348755,1.0
395,VATVSLPR,-0.22938863933086395,1.0
396,AAALGVVAAAGAVA,-0.12596474587917328,1.0
397,AYNSTCTST,-0.2731333374977112,1.0
398,IAIVNMGSLFGSAAQK,-0.11969015002250671,1.0
399,GNNNTVSADLYK,-0.17795363068580627,1.0
400,LDGELDDVYDVTK,-0.29262858629226685,1.0
401,IVDEQPGAECQLIGTATGK,-0.120694600045681,1.0
402,GDVTSGAAILANK,-0.16020368039608002,1.0
403,VVNTNSNEKLK,-0.20079867541790009,1.0
404,EPEYNPDVGQLYDALYNKAK,-0.11519257724285126,1.0
405,AAQQGGVGTVKK,-0.2363726794719696,1.0
406,GNSGAGGNTTLGDDGDR,-0.24480022490024567,1.0
407,AASVTSSSVVPK,-0.1409129947423935,1.0
408,IAYVVQTNGGQFPYELR,-0.11629395931959152,1.0
409,YLDVADGDK,-0.20924507081508636,1.0
410,SGANNLDSDFK,-0.22372262179851532,1.0
411,AGTAVGLVT,-0.14676256477832794,1.0
412,YAGHTASDEVFEK,-0.19627492129802704,1.0
413,GAGALDDDR,-0.2039862722158432,1.0
414,LAYVTFESGR,-0.13445107638835907,1.0
415,IFVDEGPSMK,-0.20260904729366302,1.0
416,TTNAPNIANILLDRR,-0.1771470457315445,1.0
417,GASGYLPEHTLPAK,-0.18916423618793488,1.0
418,FATNGTATTFGFK,-0.12427413463592529,1.0
419,AADNAAAAIESTI,-0.1473202258348465,1.0
420,NLNNIQQEYK,-0.24249425530433655,1.0
421,AEVAPAATGGGIPGMLPAPTTGAGATDK,-0.1016467735171318,1.0
422,FEIANNAELPR,-0.19021879136562347,1.0
423,ELNNYNNADAAINIVTYINK,-0.09375038743019104,1.0
424,VLENALVPPMGESTVE,-0.13604485988616943,1.0
425,AADDTQNPVEQLITGLV,-0.11301441490650177,1.0
426,DALPLMENAYR,-0.19271908700466156,1.0
427,DDGNQVVTNK,-0.18924427032470703,1.0
428,YAGHTASDEVFEK,-0.20880979299545288,1.0
429,IEENYLYTGTAGNRPTK,-0.1354125440120697,1.0
430,DWVDGWQWNDDAALNFGNGRFGVR,-0.13841433823108673,1.0
431,APNIIPVK,-0.1336730420589447,1.0
432,IGELAVVPS,-0.1873568743467331,1.0
433,NPYNVVGATQALVDKGTK,-0.17859916388988495,1.0
434,SNDQAITYV,-0.18498869240283966,1.0
435,SADVGANASIAGAFK,-0.13006986677646637,1.0
436,VVPPLVTLAK,-0.13732124865055084,1.0
437,IAWEGSTDTASVR,-0.14765514433383942,1.0
438,SALAATTNAR,-0.2075028121471405,1.0
439,MQQLDSIISAK,-0.16257455945014954,1.0
440,GSGSLANYDGK,-0.301300585269928,1.0
441,GVGEDISDGGNAISGAATK,-0.1174960657954216,1.0
442,LLDQGQALR,-0.2526371479034424,1.0
443,VNLGPQISISQTGTASDSSK,-0.12939681112766266,1.0
444,AASAGSAASSPA,-0.1328548640012741,1.0
445,SQFTGDTASLLVENTRRTDVIRNR,-0.19726485013961792,1.0
446,NANNGANYT,-0.1925126314163208,1.0
447,VPGSPDQVDVVYK,-0.22150050103664398,1.0
448,KDDGNTIMVVQK,-0.25958582758903503,1.0
449,GVDLGVIAASAGR,-0.28943678736686707,1.0
450,DDVVIQGVVIK,-0.22249247133731842,1.0
451,LSDEVTDSPMVDK,-0.24396677315235138,1.0
452,DADTGGAIYK,-0.17603108286857605,1.0
453,VDQLSNDVNAMR,-0.22402969002723694,1.0
454,IQFYQVAEN,-0.13558976352214813,1.0
455,YSGSSYPFPTQSETPV,-0.15354140102863312,1.0
456,SAADAAQAAAVR,-0.14366374909877777,1.0
457,AIISDVNASDEDR,-0.2144755870103836,1.0
458,GIDGLVADAE,-0.17443712055683136,1.0
459,YDSSATLDEMDEK,-0.1629451960325241,1.0
460,DGTPESSAVLYIK,-0.19085223972797394,1.0
461,AADNAAVARARR,-0.4225260317325592,1.0
462,QAITQLEANDNR,-0.197743758559227,1.0
463,DLAAIEAIFK,-0.24572785198688507,1.0
464,GLNYAEDLYTYK,-0.15834997594356537,1.0
465,TASTGATGGRRR,-0.39511722326278687,1.0
466,GGDGGSIIGLK,-0.3718503415584564,1.0
467,DAYEGATTYTAGR,-0.3359612226486206,1.0
468,GQDNGGIPTIALKAK,-0.21646970510482788,1.0
469,DDVVQVNATK,-0.22215266525745392,1.0
470,ANIVYAAGGYATPAGTETR,-0.11402831226587296,1.0
471,GNGFGSFTTLK,-0.14090344309806824,1.0
