spectrum_id,sequence,ensemble_score,spectral_logprob,gate_confidence,ppl_scalar,model_source,lambda_opt,gamma_opt
0,VDRSQTQTEPVAKKKK,0.17587866187095644,,0.0,33.70254107784689,gru,0.05,0.0
1,YAGHTASDEVFEK,0.1734694976073045,,0.0,32.117143472756304,gru,0.05,0.0
2,IITHPNFNGNTLDNDIMLIK,0.18391617953777314,,0.0,39.57998617000009,lstm,0.05,0.0
3,VDVEESSK,0.16376445442438126,,0.0,26.450871017690034,lstm,0.05,0.0
4,VVTTTTIPLLPTADPDKKKKKKKKKKKKKKK,0.21626407600218253,,0.0,75.58678906090336,gru,0.05,0.0
5,DVVTQPQA,0.16868091374635696,,0.0,29.183931739731644,gru,0.05,0.0
6,VLDLDSITTPVK,0.15766359766324362,,0.0,23.412544144185464,lstm,0.05,0.0
7,FFAGAQNLLAK,0.1611771670254794,,0.0,25.11696063649576,gru,0.05,0.0
8,VDQSQQQTEPVADDGK,0.17897821292281152,,0.0,35.857912660165994,gru,0.05,0.0
9,NMAGSLVR,0.15943085104227067,,0.0,24.25486027094288,lstm,0.05,0.0
10,SVDYTTTVGKK,0.16233052340420812,,0.0,25.70307072133817,gru,0.05,0.0
11,AQGAELVGMEDLYDQIK,0.17898855700212368,,0.0,35.86533176942857,gru,0.05,0.0
12,VNSDVTTVSTVNSQDQVTQTPRR,0.20216328475786294,,0.0,57.012223667891746,lstm,0.05,0.0
13,VGETTEAEMV,0.17122660517692567,,0.0,30.70827319717467,lstm,0.05,0.0
14,YDGELNNYSDLM,0.1710787793000539,,0.0,30.617617727201218,lstm,0.05,0.0
15,AVAAALEQMPR,0.17092670635743576,,0.0,30.524636972971884,gru,0.05,0.0
16,LDQLIADQATMELII,0.17177081982294717,,0.0,31.04433662641623,gru,0.05,0.0
17,TLLAVEIK,0.1593864768743515,,0.0,24.233344035155337,gru,0.05,0.0
18,YDDFELGGTFK,0.16223636865615845,,0.0,25.654714941932355,lstm,0.05,0.0
19,LIDSDQQIILLLTQIKKPKK,0.17563166856765747,,0.0,33.536465571935416,lstm,0.05,0.0
20,VAAEEEPPEAEYRRR,0.18052770058314005,,0.0,36.98653811323279,gru,0.05,0.0
21,SSGTGLVYQVVEAKK,0.16585648139317832,,0.0,27.581068897358847,lstm,0.05,0.0
22,TQPAMPANMELTDGGQR,0.18459876074510462,,0.0,40.12402230416957,lstm,0.05,0.0
23,FYFEGELIDATTNKPVIK,0.1790199889077081,,0.0,35.88788517208868,lstm,0.05,0.0
24,GVGEDISDGGNAISGAATK,0.17059349260832135,,0.0,30.321888733838524,lstm,0.05,0.0
25,QATFEEMIAR,0.16223680973052979,,0.0,25.654941255675865,gru,0.05,0.0
26,QNVEELLK,0.1706814080476761,,0.0,30.375250877055112,gru,0.05,0.0
27,VVDVGTWIAGVGYR,0.1646650016307831,,0.0,26.931592304655386,lstm,0.05,0.0
28,GQAASGQLQQSHLLK,0.1740931797027588,,0.0,32.520270222016094,lstm,0.05,0.0
29,SQQTQGGLLVADNSGRR,0.17458276818780338,,0.0,32.840265321075016,lstm,0.05,0.0
30,EEEDDNPNNNNNAAADQK,0.1943874842590756,,0.0,48.80094537849069,lstm,0.05,0.0
31,DDIDYNTSEAHTTYGVIGVK,0.18555170118808748,,0.0,40.896072181776866,lstm,0.05,0.0
32,GTDDEGVER,0.16177804470062257,,0.0,25.420626057853383,lstm,0.05,0.0
33,AGDNAPMAYIELVDR,0.16581481377283733,,0.0,27.55809372174916,gru,0.05,0.0
34,VDRPTAECAAALDK,0.16971272230148315,,0.0,29.792433325855058,lstm,0.05,0.0
35,LYVDEGPSMK,0.16322541117668155,,0.0,26.16723939358444,lstm,0.05,0.0
36,AEAAPAATGGGIPGMLPWPK,0.17412124037742616,,0.0,32.53852615873184,lstm,0.05,0.0
37,LAEPLATLAE,0.1572041451931,,0.0,23.198390560229793,lstm,0.05,0.0
38,IITHPNFNGNTLDNDIMLIK,0.18391617953777314,,0.0,39.57998617000009,lstm,0.05,0.0
39,VYYIDEPVK,0.16876194609536066,,0.0,29.231266937034125,lstm,0.05,0.0
40,QIVLNCGEEPSVVANTVK,0.18164294825659857,,0.0,37.82079051818242,gru,0.05,0.0
41,GELGIMGTELNSELAK,0.16442922726273537,,0.0,26.804895674478423,lstm,0.05,0.0
42,INLLDDNQFTR,0.1687664638866078,,0.0,29.23390827160052,lstm,0.05,0.0
43,VVGQLGQVLGPR,0.15750894745190938,,0.0,23.34024092091942,lstm,0.05,0.0
44,VNINGGAPQR,0.16164725303649904,,0.0,25.354216833746904,gru,0.05,0.0
45,SYYGFFFAEVK,0.16755701845342463,,0.0,28.53525581969942,lstm,0.05,0.0
46,GYYYTVVVEDK,0.17087174762379043,,0.0,30.491103498060895,lstm,0.05,0.0
47,DDGGSFPNGER,0.15701311501589688,,0.0,23.109927805204155,gru,0.05,0.0
48,YYYYIYSSEEGFR,0.1752733817467323,,0.0,33.297011057825436,lstm,0.05,0.0
49,GDDVIGGANQQAVK,0.16716072048459735,,0.0,28.309980482190728,lstm,0.05,0.0
50,DDAYDLVVPSTYYVDK,0.1734741270542145,,0.0,32.1201173026382,lstm,0.05,0.0
51,TAPPPTKPVETQTQSTVPDK,0.1838239622116089,,0.0,39.50705423666848,lstm,0.05,0.0
52,AVLANDNVAEDVK,0.17024353925998395,,0.0,30.110404762599305,gru,0.05,0.0
53,ALLPVTVVQLLRRRRRR,0.17197787972057568,,0.0,31.173163935275788,lstm,0.05,0.0
54,IGAAVELFNQLPQELNDARR,0.18909072995185852,,0.0,43.895622464440194,lstm,0.05,0.0
55,GYDECFDADELK,0.17269280453523,,0.0,31.622095176565225,lstm,0.05,0.0
56,LDGITAFFDDKKKK,0.16570446406091965,,0.0,27.497340233644312,lstm,0.05,0.0
57,VVVVSIPK,0.1555720254778862,,0.0,22.453365403267274,lstm,0.05,0.0
58,QMLTLLLVELK,0.15817703117023818,,0.0,23.65419844785932,gru,0.05,0.0
59,DDDDDGTTTDDED,0.17193870269335235,,0.0,31.14874806409484,lstm,0.05,0.0
60,VAYVVTTNGGQFPYELR,0.17549124745761646,,0.0,33.442413148760586,gru,0.05,0.0
61,AGVLAEVR,0.1555904969573021,,0.0,22.46166187319093,gru,0.05,0.0
62,AAVTEASPMVK,0.1658964612267234,,0.0,27.603131447624488,lstm,0.05,0.0
63,VIGDVALIK,0.15781622992621527,,0.0,23.484123533735353,lstm,0.05,0.0
64,GGGLLPIIIIALA,0.14960965376633864,,0.0,19.929341147054775,lstm,0.05,0.0
65,VQFIDEPVK,0.16711027092403838,,0.0,28.28143036652558,gru,0.05,0.0
66,VGVIMQDK,0.17032889127731324,,0.0,30.16184833401492,gru,0.05,0.0
67,GEGFQQAVAAHK,0.1728547344605128,,0.0,31.72467246041188,lstm,0.05,0.0
68,DDDLYTALL,0.1613004631466336,,0.0,25.17897354101102,lstm,0.05,0.0
69,AQAFEQDR,0.17547274976968766,,0.0,33.430043290599194,lstm,0.05,0.0
70,GGAALLGAAGGMGGMMGMMRMS,0.18732428442348134,,0.0,42.37191193986289,gru,0.05,0.0
71,VYAAIEAGDK,0.16466137886047363,,0.0,26.92964103588647,lstm,0.05,0.0
72,VVVVGVDTT,0.15932903819613986,,0.0,24.205521394171765,lstm,0.05,0.0
73,VVLASNGSQVTVSPR,0.16530347108840943,,0.0,27.27769735945675,lstm,0.05,0.0
74,VDVMVVGFDGTPDGEK,0.16619615927338602,,0.0,27.76908038804501,lstm,0.05,0.0
75,IEPGELYNGTK,0.1618320866064592,,0.0,25.44811649312684,gru,0.05,0.0
76,TDNVVIENGGR,0.16619032187895344,,0.0,27.76583859577979,gru,0.05,0.0
77,AQVTTPPDDSK,0.16432923078536987,,0.0,26.751341341902712,gru,0.05,0.0
78,VAAASAGGIVGMLSQSQLGNLGEK,0.1905497466524442,,0.0,45.1953828845555,lstm,0.05,0.0
79,TPTGFVADDTNNTPNNVLNASKK,0.19447729691215185,,0.0,48.888683001928825,lstm,0.05,0.0
80,YDSSATLDEMK,0.16808156750418923,,0.0,28.83619445741699,lstm,0.05,0.0
81,LLLLDQGVLDDKKK,0.1593891978263855,,0.0,24.234662826373548,lstm,0.05,0.0
82,VTDEFGR,0.16023353849138533,,0.0,24.647384018026937,lstm,0.05,0.0
83,GIGTAENDTLEGDDGSGKTLNKGKKK,0.1973550727734199,,0.0,51.78504781971806,lstm,0.05,0.0
84,LLIAQLPLLGAK,0.1522634228070577,,0.0,21.015672231932324,gru,0.05,0.0
85,VYAGNEHNHAAQQPQVLDI,0.1921266361286766,,0.0,46.64345990830691,gru,0.05,0.0
86,TGLDSAQELLR,0.1628060351718556,,0.0,25.948679018387654,lstm,0.05,0.0
87,LLADIAVFDK,0.1612383782863617,,0.0,25.14772828251896,gru,0.05,0.0
88,DSDGTPVTAQDFVYSRQR,0.1838746640417311,,0.0,39.54713615455054,lstm,0.05,0.0
89,LGLMAGYQESR,0.16529585773294622,,0.0,27.27354417953682,gru,0.05,0.0
90,DVAGLLAAPPPVVVVVVVVVVVVVVVVVVVV,0.2217987556611338,,0.0,84.43441787659985,gru,0.05,0.0
91,GGYGGIAAGPAYR,0.158080123938047,,0.0,23.60839758851598,gru,0.05,0.0
92,GVSGGFFFAFDNEK,0.16319771323885238,,0.0,26.15274783641984,lstm,0.05,0.0
93,AQAFEQDR,0.17547274976968766,,0.0,33.430043290599194,gru,0.05,0.0
94,LMDLGCYR,0.16272493302822114,,0.0,25.906623265867797,lstm,0.05,0.0
95,GSEEEEAAAALLL,0.1655864926484915,,0.0,27.432538709671793,gru,0.05,0.0
96,LDDIITIQGN,0.16445871829986572,,0.0,26.82071042142506,gru,0.05,0.0
97,FFPITTDD,0.16739393323659899,,0.0,28.442333876382353,gru,0.05,0.0
98,FITGGQLGLLAETTDKK,0.16826722902410174,,0.0,28.943468935413375,lstm,0.05,0.0
99,AEEAGVDLVEISPNAEPPVCR,0.18839859848930723,,0.0,43.292177902486195,lstm,0.05,0.0
100,VVVVENQGTISDER,0.1706396528652736,,0.0,30.349894983110623,lstm,0.05,0.0
101,LALDGDLIR,0.15237082110510933,,0.0,21.060861695875467,lstm,0.05,0.0
102,VMILDSGDPNGPLSR,0.15914963960647585,,0.0,24.11882828538625,lstm,0.05,0.0
103,HHFENVSIE,0.18192880153656008,,0.0,38.037633721374846,gru,0.05,0.0
104,AEYTPHVDTGDYIIVLNADK,0.17921094655990602,,0.0,36.025208560587764,gru,0.05,0.0
105,TSHITVVVSDR,0.16697320938110352,,0.0,28.20401059808584,lstm,0.05,0.0
106,LDILEAIAFTE,0.16285167932510378,,0.0,25.972377943549628,gru,0.05,0.0
107,TPGGGQPPPPVEEDDDDDDDDDDDDDDDDDD,0.23927395536053564,,0.0,119.75872661058686,lstm,0.05,0.0
108,VSDYDGYNQFVVHR,0.17731203777449472,,0.0,34.682691396499195,lstm,0.05,0.0
109,QSSDPYIMVR,0.1698235833644867,,0.0,29.858563027412966,gru,0.05,0.0
110,TILAVEIK,0.16312720179557802,,0.0,26.115892469867983,gru,0.05,0.0
111,TQFTGDTASLLVENGR,0.17132750973105432,,0.0,30.7703078642253,lstm,0.05,0.0
112,LNIVNMGSLFQQVQQK,0.17707079350948335,,0.0,34.51575443829661,lstm,0.05,0.0
113,TSHITVVVSDR,0.16697320938110352,,0.0,28.20401059808584,lstm,0.05,0.0
114,VAAAFNELPN,0.16449783325195313,,0.0,26.841700446654585,gru,0.05,0.0
115,DALPLMENAYR,0.16176174879074098,,0.0,25.412342363202676,gru,0.05,0.0
116,ALDADDNVAEDVK,0.17185318286602314,,0.0,31.0955168891616,gru,0.05,0.0
117,VYAAIEAGDK,0.16466137886047363,,0.0,26.92964103588647,gru,0.05,0.0
118,AALPQYLK,0.15790567249059678,,0.0,23.526170735240267,gru,0.05,0.0
119,ALNEINQFYQK,0.17831246094270187,,0.0,35.38362770170161,gru,0.05,0.0
120,YSEGFDIENGK,0.16440845294432208,,0.0,26.793760919052616,lstm,0.05,0.0
121,AQLEEGVFEGGVAALIR,0.17128215256859275,,0.0,30.74240744392175,gru,0.05,0.0
122,TDGDQVQINNVNILGR,0.17648027688264847,,0.0,34.11050964890396,gru,0.05,0.0
123,NLSLLQAR,0.1556488022208214,,0.0,22.48786981312152,gru,0.05,0.0
124,AVEIEVK,0.16685437645230974,,0.0,28.13705888661819,lstm,0.05,0.0
125,QYIGAQR,0.17504028592790877,,0.0,33.14214444476947,gru,0.05,0.0
126,APTLPTYEEAIAA,0.16841683571155255,,0.0,29.030201358425025,gru,0.05,0.0
127,VMPGVYTK,0.1649166613817215,,0.0,27.067485963651137,lstm,0.05,0.0
128,IAQEDNEQNQQAR,0.19086851248374354,,0.0,45.484438190982075,gru,0.05,0.0
129,DPLDNTYTR,0.16476010084152223,,0.0,26.982864512105795,lstm,0.05,0.0
130,GGQLGEGNDNSVSS,0.1650090081351144,,0.0,27.117524046997552,lstm,0.05,0.0
131,SINNNSGVLYITDDGK,0.1642024226486683,,0.0,26.68358154815783,lstm,0.05,0.0
132,SAQNMDQAQK,0.17970083713531496,,0.0,36.379911582749266,lstm,0.05,0.0
133,LGAQVDLTANQLTLATAK,0.1775592585404714,,0.0,34.85460167484206,gru,0.05,0.0
134,VDQLSNDVNAMR,0.17340526580810547,,0.0,32.07591112449811,lstm,0.05,0.0
135,VEIPGVATTASPSSEVGR,0.17276266747050817,,0.0,31.66631030713333,lstm,0.05,0.0
136,VDGDDIPDHD,0.1666904425621033,,0.0,28.04495760389415,lstm,0.05,0.0
137,DVVQQPAR,0.16779005080461504,,0.0,28.668558972984673,gru,0.05,0.0
138,ILLINPTDSDAVGNAVK,0.1660968906739179,,0.0,27.714003126190217,gru,0.05,0.0
139,AVAAGMNPMDLK,0.1630907307068507,,0.0,26.096849915110106,gru,0.05,0.0
140,AIDSDDNTATDKK,0.1689952355164748,,0.0,29.367972515528447,gru,0.05,0.0
141,QGQPIGLGEASNDTWITTK,0.1800408865276136,,0.0,36.628174177791095,gru,0.05,0.0
142,IHYDYYDYYYKK,0.1824269771575928,,0.0,38.41851647151852,gru,0.05,0.0
143,FNAFGDGVAQLGR,0.16303448310265176,,0.0,26.06750871622854,gru,0.05,0.0
144,FVNILMVDGK,0.15436581134796146,,0.0,21.91817556208646,lstm,0.05,0.0
145,DEQDDPLNLK,0.1662737011909485,,0.0,27.812179153861116,gru,0.05,0.0
146,GDDETEQLLKK,0.16609536409378053,,0.0,27.7131569861733,lstm,0.05,0.0
147,VADLEAQLAEQQTR,0.17920225518090385,,0.0,36.018946930000936,lstm,0.05,0.0
148,GELGIMGTELNSELAK,0.16442922726273537,,0.0,26.804895674478423,lstm,0.05,0.0
149,GASGYLPEHTLPAK,0.16152567608015878,,0.0,25.292641954687827,lstm,0.05,0.0
150,AQVGTMPVGSK,0.15642830566926436,,0.0,22.84120435291803,gru,0.05,0.0
151,TIVSDGKPQTDNDTGMISYK,0.1836770159006119,,0.0,39.39111636896842,gru,0.05,0.0
152,IGEHNIEVLEGNEQFINAAK,0.1874551647901535,,0.0,42.48297025740885,lstm,0.05,0.0
153,IGEHNIDVLEGNEQFINAAK,0.18638669312000278,,0.0,41.584764508113814,lstm,0.05,0.0
154,QDDAMVAFQNFIK,0.1810739462192242,,0.0,37.39282811438773,gru,0.05,0.0
155,GMGESNPVTGNTCDNVK,0.17475615529453054,,0.0,32.95434457724098,lstm,0.05,0.0
156,SILQQISSSSGGGAAAQSTSGDQSGAAAST,0.2207205621401469,,0.0,82.63317570460799,lstm,0.05,0.0
157,GIQFDFVGASELLESRRV,0.17801345454321968,,0.0,35.17266051341709,lstm,0.05,0.0
158,NMSTYVDYK,0.17143081559075252,,0.0,30.833948648386976,gru,0.05,0.0
159,GSVLLLQQQEERTR,0.17494784678731645,,0.0,33.08092842277324,lstm,0.05,0.0
160,DLGEVSGDSCQASNQDSPPSIPTAR,0.2098646421432495,,0.0,66.50604480572935,lstm,0.05,0.0
161,DAATPVLVQQTYVPGQASGGATTTVPSTSP,0.16572050730387378,-0.0639973580837249,1.0,98.92453707961518,diffusion,0.05,0.0
162,YAGHTASDEVFEK,0.1734694976073045,,0.0,32.117143472756304,gru,0.05,0.0
163,GGVNTIGYTDSTGGHDLNMR,0.1772511351108551,,0.0,34.64047174884439,lstm,0.05,0.0
164,GAEDYTANVAR,0.17142937941984698,,0.0,30.833063004707363,lstm,0.05,0.0
165,IGDDLFLK,0.15872159451246262,,0.0,23.91323066914731,lstm,0.05,0.0
166,ALLLLELLIADDATDDD,0.16787391059538898,,0.0,28.716682104806825,gru,0.05,0.0
167,GYQNNQYADYLEDDKKKKK,0.1915792314629806,,0.0,46.13558814329806,lstm,0.05,0.0
168,FYYVVNNNGGVFYEELV,0.1806575985515819,,0.0,37.08275256294466,lstm,0.05,0.0
169,SGTTSSSPVFAGFVDNIITDEAATR,0.2000581240653992,,0.0,54.66165626726164,lstm,0.05,0.0
170,YAGHTASDEVFEK,0.1734694976073045,,0.0,32.117143472756304,gru,0.05,0.0
171,TNNFFVTNSGVQNR,0.17718026893479485,,0.0,34.5914097700104,lstm,0.05,0.0
172,VLYEMDGVPEELAR,0.1711221252168928,,0.0,30.64417221005835,lstm,0.05,0.0
173,FGQGEAAPVVAPAPAPAPAVQTK,0.19193612026131673,,0.0,46.4660716912032,gru,0.05,0.0
174,FGSELLAK,0.15241839736700058,,0.0,21.08091117458921,gru,0.05,0.0
175,VDRPTAECAAALDK,0.16971272230148315,,0.0,29.792433325855058,lstm,0.05,0.0
176,AEEAGVDLVEISPNAEPPVCR,0.18839859848930723,,0.0,43.292177902486195,lstm,0.05,0.0
177,VVEESGDSQQRR,0.16989028056462607,,0.0,29.898419255573454,gru,0.05,0.0
178,TTLTSGLLQR,0.15455708622932435,,0.0,22.00218407542589,gru,0.05,0.0
179,QAEFQYPIYR,0.1760058379173279,,0.0,33.788373308148664,gru,0.05,0.0
180,VYAAIEAGDK,0.16466137886047363,,0.0,26.92964103588647,lstm,0.05,0.0
181,FENMGAQMVK,0.17613747715950012,,0.0,33.87744803111709,lstm,0.05,0.0
182,TPGGFVADDTNNTPNGVLAASGK,0.18824535193650618,,0.0,43.15969349345094,lstm,0.05,0.0
183,LLDPPAAVVSLSVQS,0.16198960065841675,,0.0,25.52841162170192,lstm,0.05,0.0
184,TNSSSSVLVGPLFGSSAPAPVTVGNTAAPA,0.21792665958404542,,0.0,78.14243035229255,lstm,0.05,0.0
185,AANLEDK,0.1645041414669582,,0.0,26.84508712463939,gru,0.05,0.0
186,LFNELGPR,0.15599994957447053,,0.0,22.646356804073225,lstm,0.05,0.0
187,SGGGGGQQQVIGDF,0.16338914207049782,,0.0,26.25306755399547,gru,0.05,0.0
188,VAAASAGGIVGSLSQSQLGNLGEK,0.1885353371500969,,0.0,43.410734229511064,lstm,0.05,0.0
189,AVGFEGVFEGGVVARIR,0.16923974401810593,,0.0,29.511938617103088,gru,0.05,0.0
190,IYEGPYQFESEKK,0.1744680459682758,,0.0,32.76500153582848,gru,0.05,0.0
191,GEGFQQAVAAHK,0.1728547344605128,,0.0,31.72467246041188,gru,0.05,0.0
192,FLLQEVLEK,0.1614479528533088,,0.0,25.253355981958684,gru,0.05,0.0
193,SLGADGVTAGSVLLVDSVNNR,0.17357659907568068,,0.0,32.18601307129441,lstm,0.05,0.0
194,YYPNSQYTTDATK,0.17437828595821675,,0.0,32.7062345635025,lstm,0.05,0.0
195,AIDTALLPAALAALMLA,0.16849081796758317,,0.0,29.07318754852598,gru,0.05,0.0
196,VVGQLGQVLGPR,0.15750894745190938,,0.0,23.34024092091942,lstm,0.05,0.0
197,TADLPLAQAAIRR,0.16964435210594764,,0.0,29.751722876173098,gru,0.05,0.0
198,GGDHGAGASYK,0.15873763127760454,,0.0,23.92090171654992,lstm,0.05,0.0
199,GVGEDISDGGNAISGAATK,0.17059349260832135,,0.0,30.321888733838524,lstm,0.05,0.0
200,NAITDTPLLR,0.15579294800758361,,0.0,22.55279398735315,gru,0.05,0.0
201,GVDVIIGANQQAVK,0.16668696744101388,,0.0,28.04300847915697,gru,0.05,0.0
202,GPASSPLLAEEKKKKKKKKKKKDDDDDDDDD,0.23219185067761328,,0.0,103.94241184882866,lstm,0.05,0.0
203,YAGHTASDEVFEK,0.1734694976073045,,0.0,32.117143472756304,gru,0.05,0.0
204,GQEVGEPTTSELK,0.16661205933644221,,0.0,28.00102696233453,lstm,0.05,0.0
205,TEDDNAVEELR,0.17534236149354415,,0.0,33.342979147053356,lstm,0.05,0.0
206,AQAFEQDR,0.17547274976968766,,0.0,33.430043290599194,lstm,0.05,0.0
207,VEIPGVATTASPSSEVGR,0.17276266747050817,,0.0,31.66631030713333,lstm,0.05,0.0
208,TGGALPAPPTLSGGGGTSSVSGPQGYILPV,0.21048093239466348,,0.0,67.33085814894696,gru,0.05,0.0
209,ISELSEGQIDTLR,0.16587175497641932,,0.0,27.58949541935877,lstm,0.05,0.0
210,NECQVMPYNNPADIAR,0.18196597173810006,,0.0,38.065921564951104,gru,0.05,0.0
211,STPFAAQVAAER,0.17051579753557844,,0.0,30.2748080956305,gru,0.05,0.0
212,VDLLSLTDYDNHTLK,0.16929348866144817,,0.0,29.54367784448799,lstm,0.05,0.0
213,TGVSNTLENEFK,0.1725763370593389,,0.0,31.548521986517084,gru,0.05,0.0
214,LQLQEIQQNK,0.17787171483039857,,0.0,35.07309444874127,lstm,0.05,0.0
215,VAFQAVIK,0.1661092683672905,,0.0,27.720864684114243,lstm,0.05,0.0
216,QATFEEMIAR,0.16223680973052979,,0.0,25.654941255675865,gru,0.05,0.0
217,QGVDADINGLR,0.16491209051825784,,0.0,27.065011641097875,gru,0.05,0.0
218,SISVQVR,0.1599955439567566,,0.0,24.530343934223044,lstm,0.05,0.0
219,TIVDYGALTPK,0.16171262372623793,,0.0,25.38738696541009,gru,0.05,0.0
220,VVADSITSQLER,0.16587475339571636,,0.0,27.59114996647776,lstm,0.05,0.0
221,GIDGLTAQLK,0.1560019385814667,,0.0,22.64725769723435,lstm,0.05,0.0
222,TQGLGPANPIASNSTAEGK,0.17836568543785497,,0.0,35.421313270518944,lstm,0.05,0.0
223,GQAASGQLQQSHLLK,0.1740931797027588,,0.0,32.520270222016094,lstm,0.05,0.0
224,AATMGSTDAASVR,0.16879811378625723,,0.0,29.252419134915232,lstm,0.05,0.0
225,VAFQAVIK,0.1661092683672905,,0.0,27.720864684114243,lstm,0.05,0.0
226,GNTGENLLALLEGR,0.16218591417585101,,0.0,25.628840092951933,lstm,0.05,0.0
227,FIGGDNNNAAAVVKKKKKKKK,0.18195135650180638,,0.0,38.054796342239726,lstm,0.05,0.0
228,GDDVIIGANQQAVK,0.1685551745550973,,0.0,29.11063266453083,gru,0.05,0.0
229,VDGLHYFSDNK,0.16511111476204612,,0.0,27.172958207908227,lstm,0.05,0.0
230,GQAAQQQQQIDD,0.188178484638532,,0.0,43.1020126299766,gru,0.05,0.0
231,ADIDYNTSEAHTTYGVIGVK,0.1846348685026169,,0.0,40.15300853854459,gru,0.05,0.0
232,GAALGGTTA,0.14943277438481647,,0.0,19.858963912542013,lstm,0.05,0.0
233,GDLTSVVLSSSELYTTRRRRRRR,0.19566036203633186,,0.0,50.05924683909958,lstm,0.05,0.0
234,ISELSEGQIDTLR,0.16587175497641932,,0.0,27.58949541935877,lstm,0.05,0.0
235,AGKQYYIDPGARK,0.16836847341977634,,0.0,29.002135592492372,gru,0.05,0.0
236,VVGLEGELLGIVSLR,0.15650443077087403,,0.0,22.87600661950121,gru,0.05,0.0
237,GPATIGQVT,0.15827016962899104,,0.0,23.698301824040623,gru,0.05,0.0
238,SFVAVHNQPGLYVGQQAR,0.1815358367231157,,0.0,37.73985638153015,gru,0.05,0.0
239,VVDPPNVLPADEEKGK,0.16771500259637834,,0.0,28.625560770764533,lstm,0.05,0.0
240,FSLGAGVGVVEHPYK,0.1614743423461914,,0.0,25.2666879650509,lstm,0.05,0.0
241,VAIANVLK,0.16021279692649842,,0.0,24.637161632158275,lstm,0.05,0.0
242,LQNEINQFYKK,0.17868757789785214,,0.0,35.650085955702316,lstm,0.05,0.0
243,GAFVSQVLPNSSAAK,0.16414143006006876,,0.0,26.651051378949376,gru,0.05,0.0
244,SGYNLVVLDSQNNPAK,0.17005034014582635,,0.0,29.99428318240041,gru,0.05,0.0
245,LQIAIIATAQNGNK,0.1685163642678942,,0.0,29.08804559148531,lstm,0.05,0.0
246,QQLGLSPQDSLGTR,0.16674872892243522,,0.0,28.077669436814457,gru,0.05,0.0
247,DYVTVYGYQTARR,0.1742528245999263,,0.0,32.62427006801932,gru,0.05,0.0
248,LGEHNIEVLEGNEQFINAAK,0.1869744783639908,,0.0,42.076507456567775,gru,0.05,0.0
249,NGLPSETYITCAEANEMAK,0.19283398891750136,,0.0,47.30801721827752,gru,0.05,0.0
250,FITGGQLGLLAEITDDK,0.16719229221343995,,0.0,28.32786202765611,lstm,0.05,0.0
251,YAGHTASDEVFEK,0.1734694976073045,,0.0,32.117143472756304,gru,0.05,0.0
252,DVDGDQTYMR,0.17487123727798462,,0.0,33.03028095956045,lstm,0.05,0.0
253,GIVDGVEARR,0.15942926049232484,,0.0,24.25408871188117,lstm,0.05,0.0
254,DIVDDGKPQTDNDTGMISYK,0.18447308480739594,,0.0,40.023296462791095,lstm,0.05,0.0
255,GGQNLDFVGGAE,0.16075484255949657,,0.0,24.90570394142226,lstm,0.05,0.0
256,GYVVTNNHVVDNATVIK,0.17580254288280714,,0.0,33.651272046718425,gru,0.05,0.0
257,AVADSLEAQQLGIARPK,0.17304851237465355,,0.0,31.847861837148585,gru,0.05,0.0
258,YNAAINQLNIK,0.1725476763465188,,0.0,31.530443105977053,gru,0.05,0.0
259,ASAIISISTALGID,0.15453273824283056,,0.0,21.991472506074977,gru,0.05,0.0
260,YYYYIYSSEEGFR,0.1752733817467323,,0.0,33.297011057825436,lstm,0.05,0.0
261,GQGGESPQDSLGTR,0.16609046970094954,,0.0,27.71044433740561,lstm,0.05,0.0
262,DTVEIQGEVDK,0.16763998811895198,,0.0,28.582646341204068,gru,0.05,0.0
263,GEVVSHIASDNVLGGK,0.16321769133210184,,0.0,26.163199565036987,gru,0.05,0.0
264,LSALGSGVIIDEDK,0.15524297867502487,,0.0,22.30608638970265,gru,0.05,0.0
265,LVLLLEDDDVR,0.1579781933264299,,0.0,23.56031824462657,lstm,0.05,0.0
266,LLWSVALLLRR,0.15679765289480038,,0.0,23.01055578677151,gru,0.05,0.0
267,DPQLQVVTNK,0.16725561738014222,,0.0,28.36376208833505,lstm,0.05,0.0
268,NECQVMPYNNPADIAR,0.18196597173810006,,0.0,38.065921564951104,gru,0.05,0.0
269,SEEINIAASTTAARR,0.17190789461135866,,0.0,31.129561312084967,gru,0.05,0.0
270,VAFQAVIK,0.1661092683672905,,0.0,27.720864684114243,lstm,0.05,0.0
271,FYYVVEFNYYVFDDELA,0.18656788924161127,,0.0,41.735737861687234,lstm,0.05,0.0
272,GEEEEEAEEEERRR,0.18775139110428948,,0.0,42.73540878222187,gru,0.05,0.0
273,AAHWVGQGATISDR,0.17056679640497482,,0.0,30.305703468924463,lstm,0.05,0.0
274,ILLINPTDSDAVGNAVK,0.1660968906739179,,0.0,27.714003126190217,gru,0.05,0.0
275,GVGEDISDGGNTISGAATK,0.17102947674299543,,0.0,30.587442070116943,lstm,0.05,0.0
276,VYIINVEK,0.17255181074142456,,0.0,31.53305039983848,lstm,0.05,0.0
277,FQDVGSFDYGR,0.16554273041811857,,0.0,27.408539032423377,gru,0.05,0.0
278,LLIAQLPLLGAK,0.1522634228070577,,0.0,21.015672231932324,gru,0.05,0.0
279,QIAMGVDGANEVYNEIR,0.18108459781197941,,0.0,37.40079482648014,gru,0.05,0.0
280,KDDGNTIMVVQK,0.17174329161643984,,0.0,31.027249432455175,gru,0.05,0.0
281,HHFENVSIE,0.18192880153656008,,0.0,38.037633721374846,gru,0.05,0.0
282,VVEGTPFECLK,0.161754910512404,,0.0,25.408867067453013,gru,0.05,0.0
283,SDPPQLQVVTNK,0.16910708447297415,,0.0,29.43374159173503,lstm,0.05,0.0
284,IENSLGGIK,0.15272048049502904,,0.0,21.208660446784464,gru,0.05,0.0
285,FFWQQTGQDR,0.17700882673263552,,0.0,34.473004333570195,gru,0.05,0.0
286,AAAYPINK,0.1648472547531128,,0.0,27.029938771007856,gru,0.05,0.0
287,TSHITVVVSDR,0.16697320938110352,,0.0,28.20401059808584,lstm,0.05,0.0
288,AAAAAAAPAAAPKK,0.16428910919598172,,0.0,26.729883825492653,gru,0.05,0.0
289,GQGEEGYDTTLL,0.16443446973959608,,0.0,26.807706302728917,lstm,0.05,0.0
290,VYAAIEAGDK,0.16466137886047363,,0.0,26.92964103588647,lstm,0.05,0.0
291,GQQGQPETVK,0.16865461468696596,,0.0,29.16858557690019,lstm,0.05,0.0
292,AQSVYDYLISK,0.16689269000833684,,0.0,28.158627765008916,gru,0.05,0.0
293,YDPNNPGAK,0.16257295476065742,,0.0,25.827997945354984,lstm,0.05,0.0
294,NDTYLEYEAFAK,0.17192170719305677,,0.0,31.138162092197035,gru,0.05,0.0
295,GASVVPTVGR,0.15219399571418762,,0.0,20.986511341620556,gru,0.05,0.0
296,YYDDDVYPVPNINEEYDNFRRR,0.2008381084962325,,0.0,55.5210467687408,lstm,0.05,0.0
297,FEETQSEK,0.17119575291872025,,0.0,30.689330650504676,gru,0.05,0.0
298,GGVPQGQAAIED,0.1656739890575409,,0.0,27.480585709374296,gru,0.05,0.0
299,FMDESSSPPPEAEEEEEERRRRRRRRRRRRR,0.22800794339949088,,0.0,95.59866619164804,gru,0.05,0.0
300,VLLLAAPMPEEERRDRRRDDDDDDDDDDDDD,0.2395919834413836,,0.0,120.5228870388214,lstm,0.05,0.0
301,SVVVSHHHDDDEGSVTVVVINGERR,0.20332122611999515,,0.0,58.347967335394635,lstm,0.05,0.0
302,ELANVQDLTVR,0.16823481212962757,,0.0,28.924709869613135,gru,0.05,0.0
303,QAITQLEALDNR,0.1724273502826691,,0.0,31.454655652405176,lstm,0.05,0.0
304,AEPLAIELDHDK,0.16712936460971833,,0.0,28.292232363733667,lstm,0.05,0.0
305,AATMGSTDAASVR,0.16879811378625723,,0.0,29.252419134915232,lstm,0.05,0.0
306,GYYYTVVVEKK,0.16907826987179844,,0.0,29.41678404795147,lstm,0.05,0.0
307,FNVANNAELER,0.17343606840480458,,0.0,32.095677639555355,gru,0.05,0.0
308,AAVIDDDPP,0.16038176351123387,,0.0,24.72055960867591,lstm,0.05,0.0
309,LADIIDLLEE,0.15922111034393313,,0.0,24.153328746128857,lstm,0.05,0.0
310,EAPLAIELDHDK,0.16567032734553022,,0.0,27.478573263250116,gru,0.05,0.0
311,QIAMGVDGANEVYNEIR,0.18108459781197941,,0.0,37.40079482648014,gru,0.05,0.0
312,FYFEGELIDATTNKPVIK,0.1790199889077081,,0.0,35.88788517208868,lstm,0.05,0.0
313,FFNELGPR,0.15849448144435885,,0.0,23.80485684289019,lstm,0.05,0.0
314,DMTCQEFIDLNPK,0.1742498700435345,,0.0,32.62234232006315,gru,0.05,0.0
315,DDVLFNFNK,0.1656376772456699,,0.0,27.46063555734513,lstm,0.05,0.0
316,VGETINVEMV,0.1701097309589386,,0.0,30.02993204769838,lstm,0.05,0.0
317,VVQDLNNNDDVVVLK,0.17153072675069175,,0.0,30.89562335928364,lstm,0.05,0.0
318,ASTTMDVQSAADDTGLPMLVVR,0.19419586766849867,,0.0,48.614281869791654,gru,0.05,0.0
319,IDGALDDDF,0.1628363807996114,,0.0,25.96443237744474,lstm,0.05,0.0
320,SLLETPVVSAIIDESPDDTVRR,0.18507500615986913,,0.0,40.50802583306748,lstm,0.05,0.0
321,VVNEELV,0.16643399851662774,,0.0,27.901486593599664,lstm,0.05,0.0
322,SMQDPIADMLTR,0.17171342273553214,,0.0,31.00871998318152,gru,0.05,0.0
323,QTALVELLK,0.15945597887039187,,0.0,24.267052773597207,gru,0.05,0.0
324,LVAQAVPS,0.15809111297130585,,0.0,23.61358682806813,lstm,0.05,0.0
325,GDEDTTDPDVV,0.16514007286591964,,0.0,27.18870031301005,lstm,0.05,0.0
326,SSDGTPVTAQDFVYSWQR,0.1827547139591641,,0.0,38.67116682932644,lstm,0.05,0.0
327,YMISGSMCNR,0.15494680523872376,,0.0,22.17434754523437,lstm,0.05,0.0
328,VYAAIEAGDK,0.16466137886047363,,0.0,26.92964103588647,lstm,0.05,0.0
329,GIGTAENITLEIDDGSGNKLNKGKKK,0.19713282997791584,,0.0,51.55538153874727,lstm,0.05,0.0
330,IGEHNIDVLEGNEQFINAAK,0.18638669312000278,,0.0,41.584764508113814,lstm,0.05,0.0
331,EFADNLDSDFK,0.16762456677176737,,0.0,28.573832042303916,gru,0.05,0.0
332,AGDNAPMAYIELVDR,0.16581481377283733,,0.0,27.55809372174916,gru,0.05,0.0
333,AGGALPVPNTLSGGGGTSSGGGQAGDALYV,0.20822622299194338,,0.0,64.36206841655404,gru,0.05,0.0
334,SAQSQMENAYR,0.17501767657019876,,0.0,33.127161380618766,gru,0.05,0.0
335,ADSVASALITQGVDASR,0.1713529677952037,,0.0,30.785978902859895,gru,0.05,0.0
336,YYDDVYPYQTAGR,0.17510705911196198,,0.0,33.18643414204669,lstm,0.05,0.0
337,ATVTMPSSK,0.16044190062416927,,0.0,24.750309957790844,lstm,0.05,0.0
338,VYVEGAWNR,0.17190526061587863,,0.0,31.127921452803346,lstm,0.05,0.0
339,AGAQVDLTANQLTLATAK,0.17892289095454747,,0.0,35.818259994722226,gru,0.05,0.0
340,GTTHPNFNGNTLDNDIMLIK,0.18572502434253693,,0.0,41.038082901734754,lstm,0.05,0.0
341,IVTTEVIPGLAEK,0.16012898958646335,,0.0,24.595900721841677,gru,0.05,0.0
342,LIVDQELLPYVQVK,0.1692338117531368,,0.0,29.508437372017735,gru,0.05,0.0
343,AAAFEGELIPASQIDR,0.17062159031629565,,0.0,30.338933033945093,gru,0.05,0.0
344,GENEYLVALIQPGK,0.165062643800463,,0.0,27.14662898373042,gru,0.05,0.0
345,TLSDQACQEMDSK,0.18432574822352485,,0.0,39.90553214241053,gru,0.05,0.0
346,VAIAAAAA,0.1596100062131882,,0.0,24.34192382941023,lstm,0.05,0.0
347,GLEEQLLDTLLGR,0.16161212370945857,,0.0,25.336409558555207,lstm,0.05,0.0
348,VDQLSNDVNAMR,0.17340526580810547,,0.0,32.07591112449811,lstm,0.05,0.0
349,VATTTTIPLLPTADPDKKKKKKKKKKKKKKK,0.21711979796809536,,0.0,76.89154783571615,gru,0.05,0.0
350,LQYNGGAFEDLR,0.16930639147758486,,0.0,29.55130276113923,lstm,0.05,0.0
351,GYVVTNNHVVDNATVIK,0.17580254288280714,,0.0,33.651272046718425,lstm,0.05,0.0
352,VDQLSNDVNAMR,0.17340526580810547,,0.0,32.07591112449811,lstm,0.05,0.0
353,NLTSQMVEYGQVK,0.17183082562226515,,0.0,31.081615796277006,gru,0.05,0.0
354,ATDADLEQNQQAR,0.18440379271140467,,0.0,39.96786891656288,gru,0.05,0.0
355,FWSELLLV,0.15588493794202807,,0.0,22.594324780596683,lstm,0.05,0.0
356,VDSETNSQPPQDR,0.17400366893181435,,0.0,32.462104013394566,lstm,0.05,0.0
357,VTIIDPNGRPPVR,0.15924220727040217,,0.0,24.163522116476276,gru,0.05,0.0
358,AAEYLLGQGQQEQHQRQ,0.19177298545837404,,0.0,46.31471407344648,gru,0.05,0.0
359,TNAQPISVIQIDDPNNPGEK,0.18114743292331698,,0.0,37.44782603454309,gru,0.05,0.0
360,GESVDLPEHTLPAK,0.16409605996949334,,0.0,26.626879135276926,lstm,0.05,0.0
361,FYYFDPIASKK,0.16432499235326595,,0.0,26.74907376313452,lstm,0.05,0.0
362,DDDYDGYNQFVVHR,0.1802322736808232,,0.0,36.76864609113849,lstm,0.05,0.0
363,VILAGEVTTPVTVR,0.1614580776010241,,0.0,25.258470176906194,gru,0.05,0.0
364,ITNLANGR,0.15908157378435137,,0.0,24.08601726602491,gru,0.05,0.0
365,FFNDNPQMALAK,0.17320444385210676,,0.0,31.947338555039735,lstm,0.05,0.0
366,ELYEVER,0.16961463860103065,,0.0,29.734047569367025,lstm,0.05,0.0
367,TSHITVVVSDR,0.16697320938110352,,0.0,28.20401059808584,lstm,0.05,0.0
368,TDGSLNAAEATETLR,0.17473657290140787,,0.0,32.94144060570014,lstm,0.05,0.0
369,ADDEMDVQSADDLTGLYMLVVR,0.1970502029765736,,0.0,51.47025456439418,gru,0.05,0.0
370,ILLDPSLE,0.15267804712057115,,0.0,21.19066898164031,lstm,0.05,0.0
371,LVLLLEDDDRR,0.1584693952040239,,0.0,23.792916351363072,lstm,0.05,0.0
372,GIVPPDLENEFK,0.16427271167437238,,0.0,26.721119185802024,lstm,0.05,0.0
373,FIYFAAFR,0.16791472882032396,,0.0,28.74013495633281,lstm,0.05,0.0
374,TGALTTTVLESASEEIN,0.17526303249246933,,0.0,33.29011978637257,lstm,0.05,0.0
375,GMGESNPVTGNTCDNVK,0.17475615529453054,,0.0,32.95434457724098,lstm,0.05,0.0
376,VSDYDGYNQFVVHR,0.17731203777449472,,0.0,34.682691396499195,lstm,0.05,0.0
377,TQPAMPANMELTDGGQR,0.18459876074510462,,0.0,40.12402230416957,lstm,0.05,0.0
378,AIGVYNR,0.16568249123437065,,0.0,27.48525900267642,lstm,0.05,0.0
379,YYYYIYSSEEGFR,0.1752733817467323,,0.0,33.297011057825436,lstm,0.05,0.0
380,LAYYDTPD,0.17142845541238785,,0.0,30.83249321036824,lstm,0.05,0.0
381,GQAASGQLQQSHLLK,0.1740931797027588,,0.0,32.520270222016094,lstm,0.05,0.0
382,SVANSQDIDLVADANAVAYNSSDVK,0.20533076715469362,,0.0,60.74078254738956,gru,0.05,0.0
383,AEIDGLENMNSPEMVAAK,0.18598913153012595,,0.0,41.255425466915405,gru,0.05,0.0
384,YDYYITK,0.18373794555664064,,0.0,39.439147371568374,gru,0.05,0.0
385,FLLGAGASAQK,0.15400433865460483,,0.0,21.760290521970152,gru,0.05,0.0
386,TGDVNAAPGYQNFVGFETGANGR,0.19559288802354233,,0.0,49.9917384347448,gru,0.05,0.0
387,GGLGPGEETVAYYTLLAT,0.1738254765669505,,0.0,32.34661993777821,gru,0.05,0.0
388,INDLDADEFLEHVAR,0.17578777154286704,,0.0,33.641332027488374,lstm,0.05,0.0
389,VSDYDGYNQFVVHR,0.17731203777449472,,0.0,34.682691396499195,lstm,0.05,0.0
390,DLSSNTQALTGTNTGGAIDGVSTTDR,0.2062395989894867,,0.0,61.85494083417065,lstm,0.05,0.0
391,AAGAELVGMEDLADQIK,0.17379653874565573,,0.0,32.327904539984,gru,0.05,0.0
392,TGAENNFVTIK,0.17046175111423842,,0.0,30.242100875210777,gru,0.05,0.0
393,GESVDLPEHTLPAK,0.16409605996949334,,0.0,26.626879135276926,lstm,0.05,0.0
394,GAFVSQVLPNSSAAK,0.16414143006006876,,0.0,26.651051378949376,lstm,0.05,0.0
395,GDEQLIIIPLLFLLILLF,0.16252527435620626,,0.0,25.80337989744141,lstm,0.05,0.0
396,YEYSVAEYYTER,0.17776978909969332,,0.0,35.00167025750828,lstm,0.05,0.0
397,FNAIGEAVK,0.16361783610449898,,0.0,26.373420983765712,lstm,0.05,0.0
398,VMPGVYTK,0.1649166613817215,,0.0,27.067485963651137,lstm,0.05,0.0
399,GGGLNVNDASSDDGK,0.15989128907521566,,0.0,24.479249059615434,lstm,0.05,0.0
400,IGEHNIDVLEGNEQFINAAK,0.18638669312000278,,0.0,41.584764508113814,lstm,0.05,0.0
401,GAFVSQVLPNSSAAK,0.16414143006006876,,0.0,26.651051378949376,lstm,0.05,0.0
402,YNTSLYDHNNNTSDYSK,0.18336659108891207,,0.0,39.147314376335785,lstm,0.05,0.0
403,AALESTLAAITESLK,0.16530606667200726,,0.0,27.279113427088703,lstm,0.05,0.0
404,IDSMPEINDADK,0.1722401777903239,,0.0,31.33712684536446,gru,0.05,0.0
405,YYADAYYSPGSPLDDTR,0.17645033387576833,,0.0,34.09008833976622,gru,0.05,0.0
406,GNVVNTTMTT,0.17278791189193726,,0.0,31.682302297529027,lstm,0.05,0.0
407,NIGIYPEIK,0.1630221923192342,,0.0,26.061101701655772,gru,0.05,0.0
408,LVADLIR,0.15632379055023193,,0.0,22.793509195099674,lstm,0.05,0.0
409,VPLPPLTEER,0.15615547180175782,,0.0,22.716906704972644,lstm,0.05,0.0
410,TAPEDAVLDVQGIATVTPAIVQACTQDK,0.22379589463983263,,0.0,87.8752234370433,lstm,0.05,0.0
411,DDAALLIIFT,0.1611151397228241,,0.0,25.08582120905255,lstm,0.05,0.0
412,IIAETVTEDDR,0.1709863987835971,,0.0,30.56110052739351,gru,0.05,0.0
413,GGGAGGGLTGNR,0.14749575356642405,,0.0,19.104331153865928,gru,0.05,0.0
414,GAGVNNNTEFR,0.16919209415262396,,0.0,29.483827216171058,lstm,0.05,0.0
415,DLSSNTQALTGTNTGGAIDGVSTTDR,0.2062395989894867,,0.0,61.85494083417065,lstm,0.05,0.0
416,AVAAGMNPMDLK,0.1630907307068507,,0.0,26.096849915110106,lstm,0.05,0.0
417,VGGQAALIK,0.15745649072859025,,0.0,23.3157667103294,lstm,0.05,0.0
418,LVLDTTTTVQK,0.16366590478203513,,0.0,26.398787884721663,lstm,0.05,0.0
419,NAPPPTKPVETQTQSTVPDK,0.18349377393722535,,0.0,39.247018468004704,lstm,0.05,0.0
420,VTVPLFEGVQK,0.1597318389198997,,0.0,24.40130899992269,gru,0.05,0.0
421,FWVESEK,0.1688902565411159,,0.0,29.30637680743805,lstm,0.05,0.0
422,SIPMFQAALKKKKK,0.16916563596044268,,0.0,29.46822956805623,gru,0.05,0.0
423,YQWQNYGAANENEWDGYR,0.1998662292957306,,0.0,54.45227260179066,lstm,0.05,0.0
424,TGVLSSSDDDEESGTRGIRR,0.18230855762958528,,0.0,38.32763408474787,lstm,0.05,0.0
425,GEEGNEHNHAAQQPQVLDI,0.1922423381554453,,0.0,46.75151974444562,lstm,0.05,0.0
426,GQLTSGVTDAFADK,0.16294463702610562,,0.0,26.02070950840352,lstm,0.05,0.0
427,DDDDTQQSPF,0.17420313954353334,,0.0,32.59186739600933,lstm,0.05,0.0
428,GQLEIQEEVKK,0.1710830720988187,,0.0,30.620246545480686,lstm,0.05,0.0
429,GNTGENLLALLEGR,0.16218591417585101,,0.0,25.628840092951933,gru,0.05,0.0
430,VEIPGVATTASPSSEVGR,0.17276266747050817,,0.0,31.66631030713333,gru,0.05,0.0
431,YTQLIER,0.16879144736698695,,0.0,29.24851921709342,gru,0.05,0.0
432,VDQLSNDVNAMR,0.17340526580810547,,0.0,32.07591112449811,lstm,0.05,0.0
433,DDPTPPGR,0.151190060377121,,0.0,20.5693315656221,lstm,0.05,0.0
434,DIDDGAETIK,0.16257468581199647,,0.0,25.828892152642645,lstm,0.05,0.0
435,VIELQGIAGTSAAR,0.16273547070366998,,0.0,25.912083753015015,lstm,0.05,0.0
436,IITHPNFNGNTLDNDIMLIK,0.18391617953777314,,0.0,39.57998617000009,lstm,0.05,0.0
437,VFMQPASEGTGIIAGGAMR,0.17931049999437834,,0.0,36.09700868114941,gru,0.05,0.0
438,TIVDVLDATTTLYNAK,0.16825087517499926,,0.0,28.934003740951933,gru,0.05,0.0
439,AILANYLLTDEGLEAVNK,0.17553681532541912,,0.0,33.47290503037771,gru,0.05,0.0
440,VDRPTAECAAALDK,0.16971272230148315,,0.0,29.792433325855058,lstm,0.05,0.0
441,NECQVMPYPNPADIAR,0.17920884862542152,,0.0,36.02369702175208,gru,0.05,0.0
442,VDQLSNDVNAMR,0.17340526580810547,,0.0,32.07591112449811,lstm,0.05,0.0
443,LLVVMMGSLFQQVAQK,0.17382580041885376,,0.0,32.34682944874533,lstm,0.05,0.0
444,AQDDSGSTQNAGSK,0.17200077772140504,,0.0,31.187443267380676,gru,0.05,0.0
445,LVLDDDDQQL,0.164886976480484,,0.0,27.051420820093455,lstm,0.05,0.0
446,GQQLSGQLQQSHLLK,0.17443113644917807,,0.0,32.740823651868624,lstm,0.05,0.0
447,GSELLSEDQQR,0.16514505473050206,,0.0,27.191409456436293,lstm,0.05,0.0
448,EAITDTPLLR,0.1562701976299286,,0.0,22.769090869496736,gru,0.05,0.0
449,DETYFVALDDTGHVINSGYQTCAEYDTDPQ,0.24116429050763447,,0.0,124.37308646479056,lstm,0.05,0.0
450,VVDENNSQLPQDR,0.17710600724587075,,0.0,34.540071573823546,lstm,0.05,0.0
451,FYYTTTDTNVLML,0.17003957124856803,,0.0,29.98782377095419,lstm,0.05,0.0
452,AAQSVVDYLISK,0.16387411852677664,,0.0,26.50894890555716,gru,0.05,0.0
453,ATLKPEGQAALDQLYSQLSNLDPK,0.2005446011821429,,0.0,55.1960848227141,gru,0.05,0.0
454,IYGVLER,0.16248705216816495,,0.0,25.783662202165345,gru,0.05,0.0
455,GLNDSNTTISDR,0.16651014586289725,,0.0,27.94401145015174,lstm,0.05,0.0
456,VAINEAIELAK,0.1646822821010243,,0.0,26.94090172486169,gru,0.05,0.0
457,VVNVLADAVK,0.15905385971069338,,0.0,24.072670532157513,lstm,0.05,0.0
458,GNTGENLLALLEGR,0.16218591417585101,,0.0,25.628840092951933,gru,0.05,0.0
459,GASVVVVVGR,0.15336400628089908,,0.0,21.48339101403165,gru,0.05,0.0
460,GAWVAVVNR,0.16410337421629165,,0.0,26.63077453149816,lstm,0.05,0.0
461,VTGMVQDAQQNK,0.17738563716411593,,0.0,34.73378148761351,lstm,0.05,0.0
462,IANAADGT,0.16263163536787034,,0.0,25.85832779166224,gru,0.05,0.0
463,GGGAQGAQTAAAQVQAQIIKKKGLK,0.1992541184425354,,0.0,53.78971989283062,gru,0.05,0.0
464,VDQLSNDVNAMR,0.17340526580810547,,0.0,32.07591112449811,lstm,0.05,0.0
465,VTVEGHADER,0.16928264379501345,,0.0,29.537270594566525,lstm,0.05,0.0
466,GAQPPQQVAGDR,0.1696326533953349,,0.0,29.744762554549553,lstm,0.05,0.0
467,VGDVVVLGYTDR,0.1625943531592687,,0.0,25.839053866883717,lstm,0.05,0.0
468,SLTNMALDDSALQGFFGVDR,0.1797218769788742,,0.0,36.3952233570647,lstm,0.05,0.0
469,VSQALDYLTYTNK,0.1684852856856126,,0.0,29.069970905057023,gru,0.05,0.0
470,EIYEVER,0.17488483701433455,,0.0,33.0392662437323,lstm,0.05,0.0
471,VDQLSNDVNAMR,0.17340526580810547,,0.0,32.07591112449811,lstm,0.05,0.0
